<?xml version="1.0" encoding="UTF-8"?>
<!DOCTYPE suite SYSTEM "https://testng.org/testng-1.0.dtd">
<suite name="IdentifyNewBikes">
	<test name="UpcomingBikes">
		<classes>
			<class name="TestUsingTestNG.TestBase" />
			<class name="TestUsingTestNG.UpcominBikeTest" />
		</classes>
	</test> <!-- Test -->
	<test name="UsedCarsInChennai">
		<classes>
			<class name="TestUsingTestNG.TestBase" />
			<class name="TestUsingTestNG.UsedCarsTest" />
		</classes>
	</test>
	<test name="GoogleSignIn">
		<classes>
			<class name="TestUsingTestNG.TestBase" />
			<class name="TestUsingTestNG.GoogleSignInTest" />
		</classes>
	</test>
</suite> <!-- IdentifyNewBikes -->
